name,album,artist,release_date,length,popularity,acousticness,danceability,energy,instrumentalness,liveness,loudness,speechiness,tempo,valence,time_signature,key,mode,uri,release_year,top_year,user,Id
Avant qu'elle parte,L'Apogée,Sexion d'Assaut,2012-11-19,274146,59,0.0206,0.606,0.605,0.0,0.363,-6.858,0.146,88.918,0.542,4,5,0,spotify:track:53J0MZswXsuJfgG6kR3m32,2012,2022,gamma,C108
First Class,Come Home The Kids Miss You,Jack Harlow,2022-05-06,173947,81,0.111,0.902,0.582,3.18e-06,0.111,-5.902,0.109,107.005,0.332,4,5,0,spotify:track:0wHFktze2PHC5jDt3B17DC,2022,2022,gamma,C150
La tâche,L'Apogée,Sexion d'Assaut,2012-11-19,286733,34,0.293,0.736,0.882,0.0,0.34,-2.273,0.223,100.06,0.48,4,7,1,spotify:track:7ac35EnxCuhneoMjUYxGy1,2012,2022,gamma,C207
The Night We Met,Strange Trails,Lord Huron,2015-04-06,208211,89,0.969,0.544,0.369,0.279,0.639,-9.514,0.038,87.01,0.102,3,2,1,spotify:track:3hRV0jL3vUpRrcy398teAU,2015,2022,gamma,C251
L'endurance,L'Apogée,Sexion d'Assaut,2012-11-19,292693,37,0.00585,0.658,0.817,0.0,0.0901,-3.693,0.25,191.967,0.515,4,5,0,spotify:track:6R4aYHjVv6KEArS1YNgf93,2012,2022,gamma,C283
- 75 degrés,L'Apogée,Sexion d'Assaut,2012-11-19,372680,36,0.432,0.772,0.772,0.0,0.151,-2.07,0.483,93.347,0.585,4,8,1,spotify:track:0a2DpLIVKLikGBXJmUmFMq,2012,2022,gamma,C284
Hold On,Hold On,Chord Overstreet,2017-02-03,198853,83,0.469,0.618,0.443,0.0,0.0829,-9.681,0.0526,119.949,0.167,4,2,1,spotify:track:5vjLSffimiIP26QG5WcN2K,2017,2022,gamma,C324
Au fond d'ma tête,Enna,PLK,2020-08-28,164786,55,0.601,0.568,0.581,0.0,0.0962,-8.054,0.228,69.091,0.639,4,3,0,spotify:track:3V2KQy8tTU9AdHxs9FKCAc,2020,2022,gamma,C390
Jealous,Jealous - EP,Labrinth,2014-11-23,287693,77,0.874,0.439,0.153,0.0,0.107,-8.95,0.0479,116.76,0.104,3,1,1,spotify:track:4G92yYrUs0cvY7G41YRI0z,2014,2022,gamma,C451
Carton rouge,Rien à branler,Lorenzo,2018-02-23,186773,54,0.178,0.859,0.869,4.98e-06,0.0989,-5.273,0.156,99.017,0.686,4,10,0,spotify:track:78vMRrfTVcpTceeSRlbBKN,2018,2022,gamma,C483
Sundance,Adios Bahamas,Népal,2020-01-10,170646,64,0.46,0.71,0.641,0.536,0.123,-5.0,0.1,93.04,0.206,4,11,0,spotify:track:3CBjC9bcb5MzAnP4Hu9SVL,2020,2022,gamma,C495
IVERSON,L'Étrange Histoire de Mr.Anderson,Laylow,2021-07-16,165946,58,0.532,0.565,0.699,0.0,0.504,-8.592,0.594,130.562,0.708,4,10,0,spotify:track:5ZjEm81TYFPfE6Ddc0memq,2021,2022,gamma,C532
Putain de salaire,"Freebase, Vol. 04",Kekra,2020-03-27,175760,48,0.186,0.755,0.733,7.89e-06,0.14,-5.01,0.043,122.046,0.386,4,5,0,spotify:track:1oIHWApwC79TRxOmuZHEif,2020,2022,gamma,C703
En attente,En attente,Zkr,2021-12-13,179580,40,0.27,0.717,0.559,4.21e-06,0.139,-8.771,0.366,143.067,0.542,4,8,0,spotify:track:5cZAc2FBROC8ARl1jj9eMt,2021,2022,gamma,C731
WINDOW SHOPPER PART. 2 (feat. Hamza),L'Étrange Histoire de Mr.Anderson,Laylow,2021-07-16,193613,53,0.0714,0.618,0.42,0.0,0.122,-10.248,0.4,94.681,0.54,4,8,1,spotify:track:6wFP7BMVFeA6cxUUyTrIxN,2021,2022,gamma,C733
Au DD,Deux frères,PNL,2019-04-05,247161,67,0.293,0.777,0.698,2.32e-05,0.0908,-7.706,0.0704,119.963,0.119,4,6,0,spotify:track:5lCxlSBFyP5g4EhVypAoOu,2019,2022,gamma,C736
BURNING MAN (feat. Lomepal),TRINITY,Laylow,2020-02-28,202173,56,0.339,0.699,0.565,1.48e-06,0.12,-8.871,0.14,135.13,0.367,4,4,0,spotify:track:4oyie5DzQjSNndZ5OA1Ulx,2020,2022,gamma,C796
Rien de méchant,L'Apogée,Sexion d'Assaut,2012-11-19,271760,36,0.0524,0.895,0.588,5.64e-06,0.323,-5.2,0.225,115.071,0.7,4,5,0,spotify:track:0onlMeD12hbtgwbxIT9ltw,2012,2022,gamma,C853
La Quête,Civilisation,Orelsan,2021-11-19,244000,66,0.36,0.832,0.54,0.0,0.101,-8.667,0.397,120.105,0.84,4,6,1,spotify:track:0w6lsLBvhtGcqMYA7MB7r6,2021,2022,gamma,C863
MD (feat. Niska),Vie d'artiste,4Keus,2020-09-23,210826,62,0.501,0.409,0.729,0.0,0.124,-5.253,0.401,75.412,0.595,4,4,0,spotify:track:4OUTQBwLBaTIUcgdI5PPt7,2020,2022,gamma,C882
Wati House,L'Apogée,Sexion d'Assaut,2012-11-19,256240,59,0.195,0.948,0.894,7.04e-05,0.063,-4.301,0.0705,125.04,0.766,4,5,0,spotify:track:1QYzARrGUVT5Zk75HQXHJ1,2012,2022,gamma,C888
Goodbye,Pink Elephant,Russ,2014-01-23,252865,58,0.354,0.743,0.377,0.0,0.187,-12.409,0.0376,112.366,0.556,3,8,0,spotify:track:73hmUGQvCNlhDWzNPRvcx3,2014,2022,gamma,C897
Ça Va Pas Être Possible...,L'Étrange Histoire de Mr.Anderson,Laylow,2021-07-16,53453,41,0.283,0.515,0.53,0.0,0.529,-19.069,0.893,67.431,0.27,3,1,1,spotify:track:4zj8DE8qnT2uBpnFABjwkk,2021,2022,gamma,C954
Ma direction,L'Apogée,Sexion d'Assaut,2012-11-19,263533,62,0.0783,0.865,0.763,0.0,0.105,-5.482,0.197,106.977,0.683,4,4,0,spotify:track:6tFJdAZGXGsHTdMKmc1NjR,2012,2022,gamma,C993
Jour meilleur,Civilisation,Orelsan,2021-11-19,181111,65,0.38,0.656,0.463,0.0,0.446,-10.93,0.0598,81.499,0.407,4,2,1,spotify:track:6VOUfCrjmxH62oijWgbC6O,2021,2022,gamma,C1032
Tu Veux Déjà Me Dire Aurevoir ?,L'Étrange Histoire de Mr.Anderson,Laylow,2021-07-16,67466,41,0.274,0.646,0.333,3.86e-05,0.13,-19.322,0.461,126.121,0.405,4,1,1,spotify:track:6d7BzQtjmiHAIrZ43b4Hwa,2021,2022,gamma,C1053
Calm Down,Calm Down,Rema,2022-02-10,219813,79,0.376,0.811,0.781,0.001,0.121,-6.333,0.0428,107.007,0.824,4,11,1,spotify:track:6hgoYQDUcPyCz7LcTUHKxa,2022,2022,gamma,C1235
Africain,L'Apogée,Sexion d'Assaut,2012-11-19,246973,43,0.302,0.657,0.788,0.0,0.0803,-2.832,0.237,131.566,0.611,5,3,0,spotify:track:4W9S2fx0L0q1xrj90kdbhE,2012,2022,gamma,C1251
ocean eyes,dont smile at me,Billie Eilish,2017-12-22,200379,84,0.816,0.511,0.363,0.0317,0.084,-7.65,0.041,144.892,0.169,4,4,0,spotify:track:7hDVYcQq6MxkdJGweuCtl9,2017,2022,gamma,C1367
Prévenez les haineux,L'Apogée,Sexion d'Assaut,2012-11-19,311186,31,0.272,0.827,0.614,0.0,0.118,-6.334,0.312,97.022,0.359,4,7,1,spotify:track:4DDwGY8xfRpjyDAMj9grKR,2012,2022,gamma,C1442
J'reste debout,L'Apogée,Sexion d'Assaut,2012-11-19,235866,51,0.364,0.534,0.584,0.0,0.186,-7.199,0.401,130.106,0.457,5,10,0,spotify:track:2lYTrD8Fdn2GT5T2u1MmWB,2012,2022,gamma,C1469
Street Life - Single Edit,Gold,The Crusaders,2007,332133,52,0.603,0.505,0.625,3.98e-05,0.0823,-8.195,0.0686,110.791,0.608,4,5,0,spotify:track:6Llr9PVC1cirKUwu7Fle83,2007,2022,gamma,C1488
Suga Suga,2016 - 2018,Népal,2019-08-23,224893,61,0.274,0.818,0.386,0.0,0.138,-10.912,0.145,119.987,0.682,4,0,0,spotify:track:1kY2dTf9Tpa8QRHlAJeRYd,2019,2022,gamma,C1504
Chat noir,La hass avant le bonheur,DTF,2016-03-18,191920,42,0.3,0.749,0.65,0.0,0.109,-6.955,0.122,122.948,0.462,4,4,0,spotify:track:3aleR2aj8LlT6xV8ZCqbCP,2016,2022,gamma,C1643
Le temps,19,MHD,2018-09-19,213494,37,0.438,0.781,0.687,5.27e-06,0.123,-5.564,0.0896,105.007,0.696,4,11,0,spotify:track:6wrJfHBRAz0Xl61SIs0kid,2018,2022,gamma,C1645
La fête est finie,La fête est finie,Orelsan,2017-10-20,183893,51,0.693,0.603,0.62,2.75e-05,0.0953,-7.974,0.0863,139.997,0.109,4,0,1,spotify:track:0b3dRQO5pgGtwSMufwmzAr,2017,2022,gamma,C1728
STUNTMEN (feat. Alpha Wann & Wit.),L'Étrange Histoire de Mr.Anderson,Laylow,2021-07-16,204000,54,0.0628,0.884,0.626,1.71e-05,0.155,-7.654,0.27,130.061,0.637,4,8,1,spotify:track:1YEs58i4G68twRzYaFEu7T,2021,2022,gamma,C1758
R9R-LINE (feat. Damso),L'Étrange Histoire de Mr.Anderson,Laylow,2021-07-16,159600,61,0.221,0.776,0.737,0.0,0.182,-6.463,0.293,123.998,0.733,4,5,0,spotify:track:4QoZVMhE66MDCd0igG0hd6,2021,2022,gamma,C1787
when the party's over,"WHEN WE ALL FALL ASLEEP, WHERE DO WE GO?",Billie Eilish,2019-03-29,196077,85,0.978,0.367,0.111,3.97e-05,0.0897,-14.084,0.0972,82.642,0.198,4,4,1,spotify:track:43zdsphuZLzwA9k4DJhU0I,2019,2022,gamma,C1815
Just the Two of Us (feat. Bill Withers),Anthology,"Grover Washington, Jr.",1985,438493,78,0.41,0.749,0.497,0.0499,0.0504,-12.609,0.105,95.818,0.585,4,10,0,spotify:track:1ko2lVN0vKGUl9zrU0qSlT,1985,2022,gamma,C1816
Arc-en-ciel,Arc-en-ciel,Booba,2019-05-16,169846,54,0.799,0.583,0.418,0.0,0.109,-10.898,0.0451,129.915,0.357,4,5,0,spotify:track:07qHCBBSRswIsfs0waYdjC,2019,2022,gamma,C1843
Paname allons danser,L'Apogée,Sexion d'Assaut,2012-11-19,366253,39,0.175,0.8,0.425,0.0,0.104,-7.344,0.0548,89.946,0.291,3,7,0,spotify:track:2UEg07gAhmdqVTqLztkn5p,2012,2022,gamma,C1935
Melrose Place,L'Apogée,Sexion d'Assaut,2012-11-19,238866,41,0.283,0.785,0.835,0.0,0.136,-5.515,0.384,103.498,0.519,4,1,1,spotify:track:4DaixXjT5GCbeWQy8Sx5kw,2012,2022,gamma,C1952
All My Tears,Rarities,Ane Brun,2013-10-04,124853,60,0.975,0.635,0.17,4.6e-05,0.111,-10.831,0.0479,85.718,0.616,4,9,1,spotify:track:2UZ8C6abrCuhjelaK1MFz1,2013,2022,gamma,C1985
"Fire On Fire - From ""Watership Down""","Fire On Fire (From ""Watership Down"")",Sam Smith,2018-12-21,246735,67,0.476,0.584,0.407,0.0,0.18,-7.356,0.046,115.124,0.341,4,1,0,spotify:track:5rFj8OzffT0iggSjcBaeND,2018,2022,gamma,C2004
Scarface,Autopsie 0,Booba,2017-03-10,253586,66,0.465,0.65,0.731,0.0222,0.323,-6.753,0.0387,137.99,0.478,4,11,0,spotify:track:2lIBT5vhgGXKMUoCFeFJvZ,2017,2022,gamma,C2031
Lost Without You,Freya Ridings,Freya Ridings,2019-07-19,225853,71,0.932,0.386,0.136,0.0,0.0653,-9.267,0.0458,67.016,0.0976,3,6,1,spotify:track:3cWI6Hj9LQ0MfMuhw9uSMc,2019,2022,gamma,C2052
Clandestina - Cocaina Remix,Clandestina (Cocaina Remix),FILV,2019-11-08,150106,71,0.204,0.715,0.614,3.86e-05,0.139,-9.218,0.262,104.827,0.277,4,8,0,spotify:track:5x5jtuR4qWJzC6cDTgysez,2019,2022,gamma,C2061
Train de vie (feat. PLK),Virus: avant l'album,Leto,2020-04-17,187146,58,0.314,0.739,0.585,0.0,0.0998,-7.605,0.195,143.849,0.708,4,1,1,spotify:track:2VXeQ7moo4zfT6EFO3Cwse,2020,2022,gamma,C2181
Balader,L'Apogée,Sexion d'Assaut,2012-11-19,246520,51,0.276,0.821,0.692,0.0,0.0808,-4.662,0.307,98.159,0.657,4,8,0,spotify:track:0cX03GVTc7dOvTYRRA28TA,2012,2022,gamma,C2192
Problèmes d'adultes,L'Apogée,Sexion d'Assaut,2012-11-19,238493,52,0.131,0.803,0.66,0.0,0.16,-7.255,0.0876,104.999,0.501,4,5,1,spotify:track:4IOWZmBVc0GqfuoQcAkirT,2012,2022,gamma,C2230
WINDOW SHOPPER PART. 1,L'Étrange Histoire de Mr.Anderson,Laylow,2021-07-16,97160,49,0.0244,0.782,0.618,0.0,0.392,-7.866,0.374,94.931,0.78,4,11,1,spotify:track:29GT81KcfMhfYV1BSpL3p2,2021,2022,gamma,C2246
Mets pas celle-là,L'Apogée,Sexion d'Assaut,2012-11-19,237253,38,0.324,0.608,0.879,0.0,0.184,-3.981,0.448,139.801,0.646,5,11,0,spotify:track:782KngifUcBIOrifrVHITF,2012,2022,gamma,C2316
Tu le C,Rien à branler,Lorenzo,2018-02-23,167946,56,0.0998,0.793,0.621,0.0,0.0981,-5.376,0.297,161.845,0.398,4,8,0,spotify:track:0js2ot9kRfw2VVQpeXK2Rt,2018,2022,gamma,C2378
Waow (feat. Nekfeu),Polak,PLK,2019-02-01,194933,54,0.215,0.77,0.745,0.0,0.0976,-8.001,0.143,119.942,0.319,4,1,1,spotify:track:2q4hIY1vUXteMtkaoNDh5n,2019,2022,gamma,C2432
What You Know Bout Love,Shoot For The Stars Aim For The Moon,Pop Smoke,2020-07-03,160000,82,0.65,0.709,0.548,1.59e-06,0.133,-8.493,0.353,83.995,0.543,4,10,1,spotify:track:1tkg4EHVoqnhR6iFEXb60y,2020,2022,gamma,C2463
Assez,L'Apogée,Sexion d'Assaut,2012-11-19,187786,37,0.165,0.952,0.748,0.0,0.0589,-4.293,0.285,109.995,0.864,4,5,0,spotify:track:5uJS0OAVLB7E7peO2N9SrF,2012,2022,gamma,C2466
J'suis pas dans le Game,L'Apogée,Sexion d'Assaut,2012-11-19,261853,36,0.111,0.854,0.631,0.0,0.0972,-5.184,0.115,76.014,0.358,4,6,1,spotify:track:5rftQabJ357Yn3WAEts6T0,2012,2022,gamma,C2474
Attentat,Enna Boost,PLK,2021-11-12,194266,71,0.192,0.844,0.656,1.82e-05,0.115,-5.935,0.216,99.983,0.398,4,7,0,spotify:track:5ioieZofgvXQK70RFhVohl,2021,2022,gamma,C2560
Disque d'or,L'Apogée,Sexion d'Assaut,2012-11-19,280240,44,0.0778,0.845,0.961,0.0,0.599,-3.767,0.361,155.981,0.612,4,9,1,spotify:track:0g8OwnEszhZJM5yjy71ycp,2012,2022,gamma,C2561
JAUNÉ,JAUNÉ,Booba,2020-05-11,215947,56,0.137,0.793,0.57,0.0,0.101,-8.852,0.15,140.003,0.655,4,1,1,spotify:track:4fW3EMRzAfj8aNMsF3zMwt,2020,2022,gamma,C2669
Elévation,Elévation,Vladimir Cauchemar,2019-06-14,155727,51,0.078,0.689,0.929,0.0,0.32,-4.76,0.277,123.011,0.57,4,7,1,spotify:track:2U2N1Jky3VTWJkb5lRam16,2019,2022,gamma,C2679
Pirelli,MVP,Mister V,2020-01-31,214653,56,0.329,0.836,0.752,0.0,0.174,-5.782,0.0612,103.001,0.655,4,10,0,spotify:track:7FZoYJcmCB22N0lAg52nZG,2020,2022,gamma,C2747
Clope sur la lune,Pleine Lune,Scylla,2018-10-12,361066,49,0.584,0.647,0.386,0.0,0.285,-10.722,0.322,81.971,0.676,4,7,0,spotify:track:6jC2NrlK26dutdKw8vElZV,2018,2022,gamma,C2778
PLUG (feat. Jok'air),TRINITY,Laylow,2020-02-28,204946,54,0.29,0.741,0.482,1.53e-05,0.123,-6.972,0.239,150.001,0.254,4,8,1,spotify:track:2mQueGQUc2r9rt9qYXv4nh,2020,2022,gamma,C2798
lovely (with Khalid),lovely (with Khalid),Billie Eilish,2018-04-19,200185,91,0.934,0.351,0.296,0.0,0.095,-10.109,0.0333,115.284,0.12,4,4,0,spotify:track:0u2P5u6lvoDfwTYjAADbn4,2018,2022,gamma,C2845
UN RÊVE ÉTRANGE,L'Étrange Histoire de Mr.Anderson,Laylow,2021-07-16,116413,49,0.12,0.593,0.526,0.0,0.12,-11.44,0.2,153.005,0.459,4,4,1,spotify:track:0L1JUpc6bjrBvK9pqMTGcb,2021,2022,gamma,C2905
Rosyln,The Twilight Saga: New Moon (Original Motion Picture Soundtrack),Various Artists,2009-10-09,289560,55,0.971,0.329,0.277,0.024,0.0971,-13.111,0.0302,159.719,0.121,3,10,0,spotify:track:6IBZP4cjxLhiMbtLkFcBCO,2009,2022,gamma,C2911
SENTIMENTAL,QALF infinity,Damso,2021-04-28,206720,54,0.317,0.793,0.487,0.0398,0.0976,-9.082,0.114,98.974,0.395,4,8,0,spotify:track:1MVQxVSWoaAYX1iA3KiLLt,2021,2022,gamma,C2914
you were good to me,brent,Jeremy Zucker,2019-05-03,219146,76,0.913,0.561,0.0848,2.62e-05,0.112,-15.099,0.0404,102.128,0.206,4,2,1,spotify:track:4CxFN5zON70B3VOPBYbd6P,2019,2022,gamma,C3015
Casseurs Flowters Infinity,Civilisation,Orelsan,2021-11-19,188968,54,0.481,0.811,0.768,0.0,0.0867,-4.896,0.301,99.956,0.875,4,1,1,spotify:track:4zNegI08Ey41oFdfaiZinq,2021,2022,gamma,C3017
Guns Are Drawn,The Tipping Point,The Roots,2004-07-13,315786,50,0.0598,0.933,0.642,7.44e-06,0.096,-4.012,0.167,97.123,0.701,4,0,1,spotify:track:76tWml55YabjLsNPRwUfEF,2004,2022,gamma,C3025
Bonsoir Mon Vieil Ami,L'Étrange Histoire de Mr.Anderson,Laylow,2021-07-16,92826,41,0.804,0.446,0.593,0.0,0.137,-19.935,0.426,102.476,0.0853,3,6,1,spotify:track:1SD6wA55Ok0E7I8EIofMXc,2021,2022,gamma,C3047
Hallelujah,Grace,Jeff Buckley,1994,413826,72,0.931,0.324,0.136,0.00117,0.176,-10.33,0.0318,97.256,0.0831,3,0,1,spotify:track:3pRaLNL3b8x5uBOcsgvdqM,1994,2022,gamma,C3051
Ain't No Sunshine,Just As I Am,Bill Withers,1971-05-01,125093,85,0.457,0.527,0.415,1.72e-05,0.117,-11.451,0.122,78.169,0.515,4,4,0,spotify:track:1k1Bqnv2R0uJXQN4u6LKYt,1971,2022,gamma,C3115
Eurotrap,Agartha,Vald,2017-01-20,294746,44,0.362,0.685,0.701,0.0,0.239,-7.751,0.228,133.853,0.585,4,0,1,spotify:track:1VF1vLixWTgVjg3Wu5q434,2017,2022,gamma,C3205
Need Your Love,Face Your Fear,Curtis Harding,2017-10-27,177200,62,0.0491,0.713,0.8,7.96e-05,0.0921,-5.938,0.0349,139.942,0.814,4,7,0,spotify:track:3zYQ1KXzqBWRsxIqdVMoYF,2017,2022,gamma,C3208
Say Something,Is There Anybody Out There?,A Great Big World,2014-01-20,233266,55,0.872,0.447,0.158,1.58e-06,0.0816,-7.571,0.036,140.942,0.142,3,2,1,spotify:track:2fPb58e6f8KxejYDCaARwS,2014,2022,gamma,C3231
Comme une évidence,Enfant de la ville,Grand Corps Malade,2008-03-31,229293,42,0.721,0.444,0.437,2.53e-05,0.109,-12.497,0.202,82.922,0.331,4,5,0,spotify:track:48mBntFuxYXmVJpF55MC6f,2008,2022,gamma,C3248
HOLIDAY,HOLIDAY,Lil Nas X,2020-11-13,154997,74,0.12,0.81,0.511,0.0,0.0832,-6.924,0.164,151.947,0.837,4,5,0,spotify:track:6zFMeegAMYQo0mt8rXtrli,2020,2022,gamma,C3270
Éternité,Nuit,Jazzy Bazz,2018-09-07,206920,59,0.579,0.815,0.462,0.0,0.11,-7.772,0.0505,133.005,0.529,4,10,0,spotify:track:3R5atTEAiKBu5t3tZ3D0Uz,2018,2022,gamma,C3281
Le message,Sur les chemins du retour,Youssoupha,2009-10-12,313613,22,0.166,0.689,0.748,0.0,0.0768,-5.332,0.332,87.583,0.593,4,4,0,spotify:track:0ryCUTEfm6MF6jC3jZwT2H,2009,2022,gamma,C3286
DEHORS DANS LA NIGHT,TRINITY,Laylow,2020-02-28,256093,55,0.341,0.465,0.48,0.000184,0.611,-8.469,0.244,149.9,0.476,4,10,0,spotify:track:1CP6EfhfdqF7qbRcvOvvWT,2020,2022,gamma,C3366
Ken Kaneki,Les étoiles vagabondes : expansion,Nekfeu,2019-06-21,162960,65,0.552,0.697,0.633,0.0,0.128,-6.983,0.0793,139.074,0.716,4,7,1,spotify:track:08QXSGwwI8Qu4IQEV3AfM6,2019,2022,gamma,C3398
On t'a dit,L'Apogée,Sexion d'Assaut,2012-11-19,260093,27,0.0287,0.658,0.688,0.0,0.122,-4.97,0.405,110.837,0.752,5,6,0,spotify:track:0OYShHLwqZ0P53EZlH1zzX,2012,2022,gamma,C3438
Ça va beaucoup trop vite,Les autres c’est nous,Bigflo & Oli,2022-06-23,243546,42,0.237,0.707,0.879,0.0,0.194,-6.198,0.331,155.038,0.641,4,8,1,spotify:track:3Xr3V3BMh0OhGBUhMGN1Qa,2022,2022,gamma,C3440
Gisèle - Part 4,Tristesse Business : Saison 1,Luidji,2019-04-26,334447,61,0.754,0.644,0.312,5.77e-06,0.108,-13.999,0.0521,88.382,0.188,4,7,1,spotify:track:6ZAoS3dnU1Hha59H3Fxw6L,2019,2022,gamma,C3482
La vie qu'on mène,Destin,Ninho,2019-03-22,193443,73,0.687,0.8,0.756,2.06e-06,0.111,-4.4,0.0367,113.204,0.456,3,7,0,spotify:track:0Jh6iWjna1wk5le0Ahn7No,2019,2022,gamma,C3498
I Get to Love You,I Get to Love You,Ruelle,2016-02-12,239362,66,0.924,0.335,0.251,0.0,0.111,-6.225,0.0317,153.298,0.0863,3,2,1,spotify:track:3CV4lFELdziNM1OnHU8nwz,2016,2022,gamma,C3531
everything i wanted,everything i wanted,Billie Eilish,2019-11-13,245425,86,0.902,0.704,0.225,0.657,0.106,-14.454,0.0994,120.006,0.243,4,6,0,spotify:track:3ZCTVFBt2Brf31RLEnCkWJ,2019,2022,gamma,C3536
Laissez-moi ivre,L'Apogée,Sexion d'Assaut,2012-11-19,213493,28,0.499,0.66,0.888,0.0,0.086,-3.76,0.37,91.508,0.932,4,1,1,spotify:track:5ym5moztDKLBdIrKBsRdWY,2012,2022,gamma,C3605
Smile (feat. SCH),FAMOUS,Lefa,2020-07-10,211066,52,0.442,0.795,0.602,3.65e-05,0.188,-9.35,0.124,144.955,0.435,4,6,0,spotify:track:6OQdNlyLiYMmAJ9ZEdUmal,2020,2022,gamma,C3680
En direct de la lune,L'Apogée,Sexion d'Assaut,2012-11-19,283893,27,0.121,0.871,0.745,0.0,0.221,-6.605,0.321,102.949,0.44,4,6,0,spotify:track:16tEuSuy45oG9xuZaE8UxN,2012,2022,gamma,C3718
Cérémonie,L'Apogée,Sexion d'Assaut,2012-11-19,234320,38,0.215,0.742,0.911,0.0,0.194,-5.18,0.268,105.003,0.702,4,1,1,spotify:track:6faJ55Q96ufC8qpJ6uxKj9,2012,2022,gamma,C3732
Finesse,Finesse,Pheelz,2022-03-03,155293,73,0.559,0.859,0.551,0.0,0.194,-7.916,0.149,102.049,0.777,4,1,0,spotify:track:4Gasn91fsCefnN8zM5GjA8,2022,2022,gamma,C3735
Waves,A Place We Knew,Dean Lewis,2019-03-22,240013,77,0.183,0.518,0.729,0.0,0.0643,-7.193,0.0452,156.879,0.343,4,11,0,spotify:track:6w8pFOKn42O418qwcQElZ3,2019,2022,gamma,C3744
Your Song,360 Degrees of Billy Paul (Expanded Edition),Billy Paul,1972-10-25,390986,63,0.408,0.497,0.73,2.14e-06,0.0928,-8.514,0.0511,131.188,0.704,4,0,0,spotify:track:5TUs6T93fNFvgQov6MlYkP,1972,2022,gamma,C3761
A coeur ouvert,L'Apogée,Sexion d'Assaut,2012-11-19,284973,36,0.208,0.488,0.759,0.0,0.227,-5.24,0.3,98.808,0.536,4,6,1,spotify:track:4fy4Hn3tOum09CvHwxdILi,2012,2022,gamma,C3780
Familiar Fire,Square Eyes,Yodelice,2013-01-01,309986,48,0.762,0.625,0.439,0.0285,0.0857,-12.78,0.0251,100.019,0.282,4,8,1,spotify:track:1RyZQy7UQWpaQskRfR66QX,2013,2022,gamma,C3818
I Found,5AM (Expanded Edition),Amber Run,2015-04-20,273000,77,0.862,0.567,0.303,0.00563,0.104,-12.481,0.0351,124.949,0.252,4,7,0,spotify:track:5zT5cMnMKoyruPj13TQXGx,2015,2022,gamma,C3823
